"rating","avg_rental_rate"
"G",2.8888764044943820
"PG",3.0518556701030928
